agent,seed,scenario,revenue,gross_profit,market_share,pricing_stability,n_steps
fixed,0,A=0.00,29921.158892245523,17952.69533534732,0.32989371371160864,0.0,365
fixed,1,A=0.00,30181.483194606102,18108.889916763645,0.3259991913413014,0.0,365
fixed,2,A=0.00,30258.612156556683,18155.167293934006,0.32932979959987746,0.0,365
fixed,3,A=0.00,30537.652781100707,18322.591668660436,0.33667962191690354,0.0,365
fixed,4,A=0.00,30476.092330887423,18285.655398532454,0.33045818812603167,0.0,365
fixed,5,A=0.00,30483.620460352915,18290.172276211757,0.33483804297380293,0.0,365
fixed,6,A=0.00,30382.49185396268,18229.495112377594,0.33350589849052753,0.0,365
fixed,7,A=0.00,29860.252042142893,17916.151225285746,0.3259461371458627,0.0,365
fixed,8,A=0.00,30190.509939193664,18114.305963516214,0.3298526702657365,0.0,365
fixed,9,A=0.00,30428.273642402182,18256.96418544132,0.334205800983458,0.0,365
fixed,10,A=0.00,29961.980965244526,17977.188579146718,0.3253583415270544,0.0,365
fixed,11,A=0.00,30558.617099547206,18335.17025972834,0.3342594125306319,0.0,365
fixed,12,A=0.00,30613.978035713084,18368.386821427863,0.3350956278590577,0.0,365
fixed,13,A=0.00,30426.98563266848,18256.1913796011,0.33333862146162024,0.0,365
fixed,14,A=0.00,30347.2561073775,18208.35366442648,0.33004844411466217,0.0,365
fixed,15,A=0.00,30601.538869028213,18360.923321416925,0.3356289173824154,0.0,365
fixed,16,A=0.00,30256.47334670093,18153.884008020577,0.3294473842386798,0.0,365
fixed,17,A=0.00,30458.599024489533,18275.159414693724,0.33439949485693654,0.0,365
fixed,18,A=0.00,30302.672460895,18181.603476536995,0.3328889784258903,0.0,365
fixed,19,A=0.00,30069.008004189913,18041.404802513956,0.32857597377283426,0.0,365
fixed,20,A=0.00,30047.972644453814,18028.783586672278,0.3240467175781374,0.0,365
fixed,21,A=0.00,30586.640874767254,18351.98452486038,0.33692146588980043,0.0,365
fixed,22,A=0.00,30414.950548789595,18248.97032927373,0.33251799598869813,0.0,365
fixed,23,A=0.00,30240.94449350157,18144.566696100937,0.3280577117702739,0.0,365
fixed,24,A=0.00,30552.470375168174,18331.482225100914,0.33401422946447973,0.0,365
fixed,25,A=0.00,30716.287423332928,18429.772453999758,0.3365617866004678,0.0,365
fixed,26,A=0.00,30605.899186433708,18363.539511860206,0.33243144938760544,0.0,365
fixed,27,A=0.00,30623.051420802847,18373.830852481708,0.33691650556649244,0.0,365
fixed,28,A=0.00,30216.64089735804,18129.984538414818,0.3355854294453508,0.0,365
fixed,29,A=0.00,30399.23013869993,18239.538083219955,0.3303698998423849,0.0,365
gbm,0,A=0.00,762.983073433323,482.77152261764763,0.008299246015194248,0.045801343609933154,365
gbm,1,A=0.00,3993.3010806706166,2357.7308782098667,0.043704859292906614,0.04921451872410571,365
gbm,2,A=0.00,762.5021841173909,482.06071916959075,0.008551827798051847,0.04507304752506267,365
gbm,3,A=0.00,31058.013466315457,18355.733601552238,0.34569443988935766,0.021822486371119148,365
gbm,4,A=0.00,433.7568431794023,290.174599861586,0.004525756699439055,0.04382296170566143,365
gbm,5,A=0.00,32215.27543158662,17924.059497318183,0.37098599221161366,0.06959372762749454,365
gbm,6,A=0.00,895.4383666830906,566.3389501138166,0.00982676677784674,0.044477966120462016,365
gbm,7,A=0.00,31292.766398258853,17848.47271692308,0.3533744249846128,0.07223162193664161,365
gbm,8,A=0.00,32238.46810631319,17685.498004605437,0.3730108844902789,0.06178179223025806,365
gbm,9,A=0.00,851.430279488362,542.7100433390482,0.009298303011660899,0.04382296170566143,365
gbm,10,A=0.00,812.1278907772802,517.0979159714369,0.008711024922259385,0.04382296170566143,365
gbm,11,A=0.00,836.8431176644613,532.5624907505135,0.009177558050746229,0.04382296170566143,365
gbm,12,A=0.00,2606.2806545877625,1574.6936790915656,0.02852687338954929,0.04710770174747178,365
gbm,13,A=0.00,456.6654506202021,304.55394050832365,0.004719321328856857,0.04382296170566143,365
gbm,14,A=0.00,7128.480757957848,4021.110511945841,0.08172324834606023,0.05221924095723973,365
gbm,15,A=0.00,31012.062707444187,18411.956165591728,0.34266617303700564,0.053037930548203834,365
gbm,16,A=0.00,31447.584804216873,17994.230983561418,0.352794636995279,0.04604980216422312,365
gbm,17,A=0.00,32148.990209883657,18061.60809159782,0.3677108256795786,0.035105738286745715,365
gbm,18,A=0.00,5140.727580729611,3061.7886623772692,0.05684274056679345,0.052848776131757855,365
gbm,19,A=0.00,2443.231962549278,1488.0775523894536,0.026739472156028444,0.048023468273536624,365
gbm,20,A=0.00,822.4739468100614,522.3714874436424,0.008851818255053571,0.04382296170566143,365
gbm,21,A=0.00,31250.42968969541,18358.756364622903,0.34907477483164145,0.04215345346644525,365
gbm,22,A=0.00,31662.110560326793,18150.733962987593,0.35629682337131297,0.0552428551691233,365
gbm,23,A=0.00,929.7855891742657,583.4755310933608,0.010145656367638365,0.0451334875922264,365
gbm,24,A=0.00,11645.26055865837,6645.16894851816,0.12990452418150417,0.06618224912252914,365
gbm,25,A=0.00,445.9231669466499,298.5204292072397,0.004703403999286475,0.04382296170566143,365
gbm,26,A=0.00,859.1652895876766,547.6467830864483,0.009201689469805477,0.04382296170566143,365
gbm,27,A=0.00,3979.583044351451,2330.271475849628,0.04428622213176441,0.04778855778350762,365
gbm,28,A=0.00,6244.230780626812,3674.981118842577,0.06941203801571585,0.051647919680886806,365
gbm,29,A=0.00,28384.466002795227,16633.69773444687,0.3134224723647678,0.06421157489118373,365
gbm_uniform,0,A=0.00,31421.5137977213,17742.706633430353,0.36084666944049865,0.0793313469359782,365
gbm_uniform,1,A=0.00,31532.56976645203,17899.212993081288,0.3532994406081454,0.06068977776966709,365
gbm_uniform,2,A=0.00,31348.60479780299,18108.65505716289,0.3499419854726125,0.07294216532406149,365
gbm_uniform,3,A=0.00,31854.246884237193,18231.821868502215,0.36209287763789677,0.08269959358928713,365
gbm_uniform,4,A=0.00,31397.838368116623,18339.10743523148,0.34690516018422457,0.06961872396968517,365
gbm_uniform,5,A=0.00,31525.884391887368,18306.446448811537,0.3540910519799012,0.08751307706424735,365
gbm_uniform,6,A=0.00,31604.6817989772,18189.452088015278,0.3567765391871124,0.08674084092157255,365
gbm_uniform,7,A=0.00,30953.79214399035,17895.778533277236,0.34649172771831027,0.0794960694772975,365
gbm_uniform,8,A=0.00,30966.81240723423,18172.301844795,0.34384646334886776,0.09302165874100002,365
gbm_uniform,9,A=0.00,30919.015153369903,18291.68899731117,0.34310003273554385,0.07247700380816191,365
gbm_uniform,10,A=0.00,31260.864140523063,17816.3912470708,0.3517107907392759,0.08016985609999289,365
gbm_uniform,11,A=0.00,31537.80150684998,18341.93341684697,0.3521426139684337,0.07131783968989051,365
gbm_uniform,12,A=0.00,31153.033856576225,18398.887471361326,0.3449324308672999,0.0725907865665113,365
gbm_uniform,13,A=0.00,31569.499564989423,18171.717527926954,0.3558030104450167,0.08107677432204158,365
gbm_uniform,14,A=0.00,31141.81994445912,18240.64102783479,0.3442328889770085,0.06705748472165982,365
gbm_uniform,15,A=0.00,31751.72849783673,18326.87395791015,0.35709587942591575,0.07127042078086077,365
gbm_uniform,16,A=0.00,31744.233144999544,18068.00094190072,0.3579422757858192,0.08490659684919388,365
gbm_uniform,17,A=0.00,31414.10717714099,18286.57240124396,0.3517565358307336,0.06474297275775127,365
gbm_uniform,18,A=0.00,31273.676339784786,18120.087627172266,0.3515869007431932,0.08347683480495877,365
gbm_uniform,19,A=0.00,31086.430169012332,18026.739349188207,0.3474082796857176,0.06983231986954729,365
gbm_uniform,20,A=0.00,30804.995560557592,18051.559210093637,0.3379010296779575,0.07823445066392402,365
gbm_uniform,21,A=0.00,31169.17770585203,18370.45322342456,0.34738923963579277,0.056081579908873816,365
gbm_uniform,22,A=0.00,31421.70410116119,18226.79419102066,0.3513091919130153,0.07262354484351193,365
gbm_uniform,23,A=0.00,31581.391071558104,18114.413399945028,0.3525363641531782,0.01970392452611844,365
gbm_uniform,24,A=0.00,31680.542780760676,18219.7327769462,0.3559986403327119,0.057668656180515775,365
gbm_uniform,25,A=0.00,31842.344285034575,18342.882182122095,0.35845773023417266,0.08375920648844007,365
gbm_uniform,26,A=0.00,31500.40308645332,18376.04668651187,0.3486248709062986,0.06895511008963605,365
gbm_uniform,27,A=0.00,31502.506271581013,18380.75470176281,0.353056962115134,0.0727770778006088,365
gbm_uniform,28,A=0.00,31040.561501246775,18124.636556862773,0.3510727175289642,0.06556488509663587,365
gbm_uniform,29,A=0.00,31264.579682541127,18279.19915113018,0.3458454929465715,0.0823909854322453,365
oracle,0,A=0.00,30568.57731241483,18048.988973907024,0.34120795162418766,0.082741496070916,365
oracle,1,A=0.00,31001.738073474004,18213.98267162023,0.34014500454203417,0.08692732225183329,365
oracle,2,A=0.00,30935.602209828037,18257.532352036942,0.34101172691907494,0.08128676143719578,365
oracle,3,A=0.00,31158.064627789896,18418.441528704298,0.34744177214351946,0.08177155541326506,365
oracle,4,A=0.00,31186.265470082217,18387.946029195344,0.3425748209926811,0.0810778119859059,365
oracle,5,A=0.00,31142.128279832803,18388.95148275058,0.3463241051116359,0.08661275778318829,365
oracle,6,A=0.00,31022.954226689886,18325.265337030003,0.3447187955646093,0.08297995034522511,365
oracle,7,A=0.00,30586.514515481016,18017.0209538574,0.3386764433193897,0.08682957402690919,365
oracle,8,A=0.00,30938.613308085747,18214.11680335818,0.342889340860027,0.08910180289523109,365
oracle,9,A=0.00,31121.15889734806,18355.550039531834,0.3462451702257238,0.08680394469242812,365
oracle,10,A=0.00,30731.108103428964,18083.183218425584,0.3386979804764267,0.08729197451978989,365
oracle,11,A=0.00,31193.91981929083,18435.198579074528,0.34514282011138747,0.08068668844224201,365
oracle,12,A=0.00,31329.845892585356,18465.34554756078,0.34754550962530173,0.08728575127021082,365
oracle,13,A=0.00,31058.765066976102,18354.584435003224,0.3442617625854077,0.08059483654662315,365
oracle,14,A=0.00,31026.395175993868,18311.065645260103,0.34170225409752697,0.08123151905940978,365
oracle,15,A=0.00,31261.0757822698,18458.232379799116,0.34707036387091755,0.08337229772975377,365
oracle,16,A=0.00,30953.74095832173,18254.452584245915,0.3415280098250641,0.08282072179622393,365
oracle,17,A=0.00,31144.661975514045,18371.358291698918,0.3463296958729719,0.08276523092249191,365
oracle,18,A=0.00,30971.992814419613,18279.805244329604,0.3443521130605802,0.08300210624219463,365
oracle,19,A=0.00,30765.206399869385,18143.50385079802,0.3405357130656966,0.08213390242575537,365
oracle,20,A=0.00,30830.87021903836,18135.680621553984,0.3375519979323097,0.08915485915547065,365
oracle,21,A=0.00,31207.856604309243,18446.91839127974,0.3476860100662958,0.08155361876508635,365
oracle,22,A=0.00,31156.844882739468,18346.75405631403,0.34550485995592783,0.08847521956091307,365
oracle,23,A=0.00,30999.60788051358,18247.929781784813,0.3411519160813774,0.08783353364386676,365
oracle,24,A=0.00,31283.147358435945,18430.753391560538,0.3467235790328232,0.08570145913797766,365
oracle,25,A=0.00,31353.05006128363,18528.354197894503,0.3475674927529389,0.08182358863380514,365
oracle,26,A=0.00,31308.800506154636,18463.42054551651,0.3445922466215295,0.08289995847283009,365
oracle,27,A=0.00,31277.575355382676,18469.906557142658,0.3483171751410844,0.08162473829290241,365
oracle,28,A=0.00,30819.371801040652,18222.260268896076,0.34613630547472424,0.08204174553119076,365
oracle,29,A=0.00,31128.488623468886,18339.02131584275,0.3429031273813458,0.08536671357700651,365
fixed,0,A=0.10,29977.456190567176,17986.473714340304,0.33015332066981645,0.0,365
fixed,1,A=0.10,30200.76891809484,18120.46135085691,0.32580362770307986,0.0,365
fixed,2,A=0.10,30245.770565720624,18147.462339432404,0.3296749259642702,0.0,365
fixed,3,A=0.10,30583.85925701521,18350.315554209137,0.33669454977461805,0.0,365
fixed,4,A=0.10,30489.644156361446,18293.786493816857,0.32988281464999714,0.0,365
fixed,5,A=0.10,30474.004332993423,18284.40259979607,0.335181939348933,0.0,365
fixed,6,A=0.10,30400.769696420004,18240.461817852003,0.3336752775936805,0.0,365
fixed,7,A=0.10,29817.097160863468,17890.25829651809,0.32617490094827944,0.0,365
fixed,8,A=0.10,30147.98639171847,18088.791835031072,0.3285014853260844,0.0,365
fixed,9,A=0.10,30413.483500559265,18248.090100335558,0.33392018192732065,0.0,365
fixed,10,A=0.10,29955.077661818777,17973.046597091256,0.32564840419688706,0.0,365
fixed,11,A=0.10,30600.181844436156,18360.109106661715,0.3346704014271901,0.0,365
fixed,12,A=0.10,30604.72107322054,18362.832643932306,0.33483006266222654,0.0,365
fixed,13,A=0.10,30447.926341049297,18268.755804629585,0.3335276180408632,0.0,365
fixed,14,A=0.10,30365.088345218297,18219.05300713099,0.32875823660405096,0.0,365
fixed,15,A=0.10,30630.296547302605,18378.177928381552,0.33576626036232166,0.0,365
fixed,16,A=0.10,30285.096511677446,18171.05790700644,0.33032371026387336,0.0,365
fixed,17,A=0.10,30424.811133675026,18254.886680205043,0.33529791943167064,0.0,365
fixed,18,A=0.10,30304.684750498716,18182.81085029924,0.33276841278029257,0.0,365
fixed,19,A=0.10,30071.80036926873,18043.08022156124,0.32780499816479547,0.0,365
fixed,20,A=0.10,30021.092536964057,18012.65552217844,0.32399289650812907,0.0,365
fixed,21,A=0.10,30547.389628018078,18328.433776810845,0.33757102938476746,0.0,365
fixed,22,A=0.10,30482.16021919092,18289.29613151456,0.33272745901456424,0.0,365
fixed,23,A=0.10,30267.912329197545,18160.747397518535,0.327330330618096,0.0,365
fixed,24,A=0.10,30556.489973565185,18333.89398413911,0.33466410608881575,0.0,365
fixed,25,A=0.10,30709.524978045672,18425.71498682741,0.3368188515784799,0.0,365
fixed,26,A=0.10,30646.615045963317,18387.969027577987,0.3320672277702987,0.0,365
fixed,27,A=0.10,30568.885927640382,18341.331556584224,0.3372129935790664,0.0,365
fixed,28,A=0.10,30190.8609777344,18114.516586640657,0.33617576415618267,0.0,365
fixed,29,A=0.10,30439.65137445338,18263.790824672018,0.33010503700596566,0.0,365
gbm,0,A=0.10,804.0009388203495,511.7180961239112,0.008527783645715091,0.045801343609933154,365
gbm,1,A=0.10,3492.2630458487197,2076.219203983757,0.03589527636208405,0.04725025563261566,365
gbm,2,A=0.10,3425.555119440165,2083.349797653576,0.03581491041058827,0.04710712522698813,365
gbm,3,A=0.10,31076.98827377559,18373.868550609728,0.345477036708129,0.021254622214561765,365
gbm,4,A=0.10,446.5029347231437,299.12552997969834,0.004593461493706989,0.04382296170566143,365
gbm,5,A=0.10,31923.584000723367,18085.568967643678,0.3647397905787692,0.0681801016631474,365
gbm,6,A=0.10,930.200246203258,592.2200896300362,0.009929096878511276,0.044477966120462016,365
gbm,7,A=0.10,30172.727958426694,17898.606335745848,0.3326549304814334,0.016761962866651523,365
gbm,8,A=0.10,31743.156033573814,18017.32204486759,0.35942654129685175,0.030955261922365217,365
gbm,9,A=0.10,889.5571899968772,569.1007250058946,0.00946332246163086,0.04382296170566143,365
gbm,10,A=0.10,1590.9714082603703,966.2733144301806,0.016649864069452017,0.04580134360993315,365
gbm,11,A=0.10,874.7264575721467,558.8144124696424,0.0093468981762962,0.04382296170566143,365
gbm,12,A=0.10,2478.7997801821316,1517.4713256341254,0.02551853536059949,0.047306357016372785,365
gbm,13,A=0.10,469.80158578100577,313.78988871678877,0.004790908730631567,0.04382296170566143,365
gbm,14,A=0.10,492.2782352361509,323.6800714146676,0.005300385230851803,0.04382296170566143,365
gbm,15,A=0.10,14483.786086246828,8622.17817725206,0.13665298466666348,0.055995418540331056,365
gbm,16,A=0.10,4200.887750074873,2547.3178785122113,0.04205432550634195,0.047241514472199785,365
gbm,17,A=0.10,32362.01374817788,17952.213311677988,0.37530874795032865,0.013111694096032375,365
gbm,18,A=0.10,2797.4913275722383,1671.361139177466,0.029374368232678406,0.044477966120462016,365
gbm,19,A=0.10,1433.949627958748,880.9214755731286,0.015036924767584812,0.044477966120462016,365
gbm,20,A=0.10,859.2817783127659,547.7552558078653,0.00901922212460258,0.04382296170566143,365
gbm,21,A=0.10,31860.146959978814,18302.84520928974,0.3631354267508642,0.07964842080838479,365
gbm,22,A=0.10,32550.216135534254,17966.923860612995,0.37724752175962983,0.029648276816970902,365
gbm,23,A=0.10,965.5755243923414,607.6733369774138,0.010265696755505833,0.0451334875922264,365
gbm,24,A=0.10,905.2712455752152,579.4281347944545,0.009401339546439357,0.04382296170566143,365
gbm,25,A=0.10,458.9241016091885,307.6480924799149,0.004772304119321839,0.04382296170566143,365
gbm,26,A=0.10,899.8777372520262,575.8908626864269,0.009385300234838702,0.04382296170566143,365
gbm,27,A=0.10,2313.3071716732816,1380.6763819674413,0.024248870913993914,0.04778855778350762,365
gbm,28,A=0.10,1504.3685470484108,939.1215569583558,0.015835927694658542,0.04382296170566143,365
gbm,29,A=0.10,887.9038562306175,567.171335250035,0.009351414421083861,0.044477966120462016,365
gbm_uniform,0,A=0.10,30990.513112609246,18029.75781458986,0.34972311531369193,0.07012907851609561,365
gbm_uniform,1,A=0.10,31570.59255998516,18115.72007709426,0.35243486555035447,0.0786527285902659,365
gbm_uniform,2,A=0.10,31004.667174508075,18281.400636159087,0.34370192192259996,0.07995717313857278,365
gbm_uniform,3,A=0.10,30995.95264257451,18397.018075119657,0.3443978133185412,0.07719650830689416,365
gbm_uniform,4,A=0.10,31124.179669451158,18388.573592259876,0.34202143139662927,0.05788326519476233,365
gbm_uniform,5,A=0.10,31627.23092498822,18338.1334280838,0.3579982803086567,0.08284192539068395,365
gbm_uniform,6,A=0.10,31330.51695865499,18297.246302771724,0.35196784048741536,0.06699316707957052,365
gbm_uniform,7,A=0.10,30921.037015339985,17938.73970539138,0.347717981220916,0.07488879312003884,365
gbm_uniform,8,A=0.10,31250.132226651367,18185.287712309604,0.34991576778341243,0.0878092168160125,365
gbm_uniform,9,A=0.10,31310.633830764888,18299.437946898688,0.3513046459880063,0.058401323765146534,365
gbm_uniform,10,A=0.10,31012.350526624043,18048.987996652708,0.34679463795511,0.059307344973487185,365
gbm_uniform,11,A=0.10,31891.58826545616,18439.085213749913,0.35889396664204654,0.0674268289120695,365
gbm_uniform,12,A=0.10,31814.129912739325,18419.64747352411,0.35768866790946313,0.07369318487970378,365
gbm_uniform,13,A=0.10,31315.303268273212,18406.58186321098,0.35011297842732214,0.08040509534473556,365
gbm_uniform,14,A=0.10,30609.820384666313,18297.34746338364,0.3341577995149259,0.07304505928604481,365
gbm_uniform,15,A=0.10,31811.721474366,18396.580795228438,0.3590043881974774,0.06915019366308556,365
gbm_uniform,16,A=0.10,31148.11199063574,18176.238835251545,0.34693331106330977,0.06889510922944395,365
gbm_uniform,17,A=0.10,31344.78514436264,18321.320053964915,0.3523570559347271,0.09101268593639036,365
gbm_uniform,18,A=0.10,31187.10084702827,18287.815320215974,0.3492718927672643,0.07618325350678945,365
gbm_uniform,19,A=0.10,30825.65363020491,18062.266419281183,0.34460477541939794,0.06589205817128957,365
gbm_uniform,20,A=0.10,31491.396144620743,18077.37758351888,0.3521747166338505,0.08076729890553351,365
gbm_uniform,21,A=0.10,30858.950004258866,18338.91642485737,0.3455365636779816,0.07118652090731882,365
gbm_uniform,22,A=0.10,31417.20775330016,18324.93300728056,0.35177877073890557,0.07693608663223957,365
gbm_uniform,23,A=0.10,31406.544951602,18214.117608992645,0.3496718925575705,0.07479174077671912,365
gbm_uniform,24,A=0.10,31696.472439437268,18390.493139010287,0.3564956710663059,0.06998185508855424,365
gbm_uniform,25,A=0.10,31497.26830765931,18511.9956054114,0.3529835516926702,0.07833395999729971,365
gbm_uniform,26,A=0.10,31832.707493550774,18462.341042633052,0.35435863501813075,0.06467011079971069,365
gbm_uniform,27,A=0.10,31719.019238297493,18422.418754941715,0.3595374409473363,0.07834983551538194,365
gbm_uniform,28,A=0.10,30845.485958209236,18174.943350459773,0.3486536516331277,0.08735183316454304,365
gbm_uniform,29,A=0.10,31466.458649763987,18348.121917680266,0.35070064355893427,0.07221064926086909,365
oracle,0,A=0.10,30823.334157265894,18180.629470276675,0.34604890706306796,0.09011443291492761,365
oracle,1,A=0.10,31239.69781589392,18332.765896318866,0.3447201180841698,0.09742243134000052,365
oracle,2,A=0.10,31203.833107508002,18346.741739341556,0.34713021790514026,0.08975461765028996,365
oracle,3,A=0.10,31389.50334539211,18547.870070775436,0.3517606335981551,0.08886757699170358,365
oracle,4,A=0.10,31445.826369236864,18508.0808186538,0.3471393315932731,0.0918695776717338,365
oracle,5,A=0.10,31357.266123468165,18481.990501212997,0.3515207915230576,0.09154008266944792,365
oracle,6,A=0.10,31251.42929763057,18441.253264492218,0.3494759714395989,0.08995532222534477,365
oracle,7,A=0.10,30770.8130437603,18090.486405366675,0.3437011598756464,0.0900792121498594,365
oracle,8,A=0.10,31107.564502855716,18304.372446439425,0.34593712953466466,0.09076635416375232,365
oracle,9,A=0.10,31272.656746568,18452.124496800872,0.3496260247860516,0.09004552987406943,365
oracle,10,A=0.10,30938.538504747015,18171.976151450028,0.34367597698018215,0.08953012294673159,365
oracle,11,A=0.10,31515.161563455902,18557.456402788706,0.3514389738436023,0.08742800906920216,365
oracle,12,A=0.10,31513.743823046563,18565.21407766131,0.35142778542108893,0.09100491002667914,365
oracle,13,A=0.10,31328.188685681147,18466.62646321566,0.3497737967372644,0.08917300279907531,365
oracle,14,A=0.10,31303.01010153913,18436.737367708545,0.34582111876204324,0.08982840850499747,365
oracle,15,A=0.10,31473.77784130238,18576.060294375442,0.35121482445443825,0.08801416576242212,365
oracle,16,A=0.10,31182.731302674852,18369.944091631485,0.34707962992825575,0.09067215228119947,365
oracle,17,A=0.10,31287.817831456938,18450.61849781978,0.35109533541062704,0.09145189675001814,365
oracle,18,A=0.10,31140.652610280482,18386.902328436943,0.348079153303,0.09028169064337613,365
oracle,19,A=0.10,30978.46870853993,18255.33606406166,0.34431951117037074,0.09137816487147069,365
oracle,20,A=0.10,31039.441602331382,18221.9645638751,0.34238540190253025,0.08928367981616614,365
oracle,21,A=0.10,31357.983657535733,18522.806194773977,0.3524812741160659,0.0877108300162596,365
oracle,22,A=0.10,31337.43817779382,18490.422496270017,0.3486037212887648,0.0893536574059857,365
oracle,23,A=0.10,31211.549234641458,18371.67677315742,0.3445559461349737,0.09034909928404714,365
oracle,24,A=0.10,31414.837448682694,18528.230734390134,0.3502697932963681,0.08839222187876618,365
oracle,25,A=0.10,31556.09428062668,18621.357330268973,0.3523654348893756,0.08829889650431683,365
oracle,26,A=0.10,31512.069606503188,18591.25380724877,0.34819954733287267,0.09194419600242636,365
oracle,27,A=0.10,31423.32889121827,18540.712404560607,0.3527993783443012,0.09019898574870212,365
oracle,28,A=0.10,30941.976920286837,18309.663310739423,0.3500777497814273,0.09104793206519324,365
oracle,29,A=0.10,31389.999770373535,18471.909288635517,0.3474365737152547,0.09167728762453305,365
fixed,0,A=0.25,30061.902138049605,18037.14128282977,0.3308170976201483,0.0,365
fixed,1,A=0.25,30229.697503327952,18137.81850199678,0.32425576882781404,0.0,365
fixed,2,A=0.25,30226.508179466586,18135.90490767996,0.3301561892224674,0.0,365
fixed,3,A=0.25,30653.168970886985,18391.9013825322,0.3370931344841896,0.0,365
fixed,4,A=0.25,30509.971894572434,18305.983136743464,0.3280713280562384,0.0,365
fixed,5,A=0.25,30459.580141954168,18275.748085172505,0.33653699835289513,0.0,365
fixed,6,A=0.25,30428.186460106037,18256.91187606362,0.3340291528352276,0.0,365
fixed,7,A=0.25,29752.36483894437,17851.41890336661,0.3259678827138575,0.0,365
fixed,8,A=0.25,30084.20107050566,18050.52064230338,0.32556857171887366,0.0,365
fixed,9,A=0.25,30391.298287794943,18234.778972676973,0.33343052189021294,0.0,365
fixed,10,A=0.25,29944.722706680146,17966.83362400807,0.3253930988093975,0.0,365
fixed,11,A=0.25,30662.52896176958,18397.517377061755,0.33580639417755814,0.0,365
fixed,12,A=0.25,30590.835629481597,18354.501377688983,0.33394376862241054,0.0,365
fixed,13,A=0.25,30479.337403620502,18287.602442172294,0.3344241327728349,0.0,365
fixed,14,A=0.25,30391.836701979497,18235.102021187693,0.32574924994896176,0.0,365
fixed,15,A=0.25,30673.43306471421,18404.059838828533,0.33591664568018453,0.0,365
fixed,16,A=0.25,30328.03125914213,18196.81875548527,0.3323784139986119,0.0,365
fixed,17,A=0.25,30374.129297453357,18224.47757847203,0.33833879873266126,0.0,365
fixed,18,A=0.25,30307.703184904258,18184.621910942555,0.33241805320953527,0.0,365
fixed,19,A=0.25,30075.988916886967,18045.593350132167,0.3258449311098634,0.0,365
fixed,20,A=0.25,29980.772375729473,17988.463425437676,0.32334918269646634,0.0,365
fixed,21,A=0.25,30488.5127578943,18293.107654736585,0.3398972811090574,0.0,365
fixed,22,A=0.25,30582.974724792974,18349.7848348758,0.3330819972245668,0.0,365
fixed,23,A=0.25,30308.36408274153,18185.018449644922,0.32534897630805726,0.0,365
fixed,24,A=0.25,30562.51937116064,18337.51162269637,0.33591114976984454,0.0,365
fixed,25,A=0.25,30699.381310114717,18419.62878606883,0.3375413745431155,0.0,365
fixed,26,A=0.25,30707.688835257723,18424.61330115463,0.33081520580577906,0.0,365
fixed,27,A=0.25,30487.63768789668,18292.582612738013,0.3391686481305831,0.0,365
fixed,28,A=0.25,30152.191098299005,18091.314658979398,0.33817853807935294,0.0,365
fixed,29,A=0.25,30500.28322808356,18300.16993685014,0.328850814767995,0.0,365
gbm,0,A=0.25,865.5277369008888,555.1379563833062,0.0088286088266676,0.045801343609933154,365
gbm,1,A=0.25,1669.037927186113,1031.749963416415,0.016759421201639604,0.0451334875922264,365
gbm,2,A=0.25,4201.690902503667,2591.2746047015494,0.03860629075508511,0.04782530294876993,365
gbm,3,A=0.25,3229.2108264494022,1977.331772428151,0.030472310228524375,0.04578942199690893,365
gbm,4,A=0.25,465.62207203875624,312.5519251568669,0.004687988990219785,0.04382296170566143,365
gbm,5,A=0.25,2201.615948038426,1377.3931315180662,0.021122186917159957,0.04671679826017904,365
gbm,6,A=0.25,987.1056719410899,631.5751966655057,0.0101364157011325,0.044477966120462016,365
gbm,7,A=0.25,3747.8592525670942,2279.41303144361,0.034738598256841446,0.04707150004959041,365
gbm,8,A=0.25,22153.650965212684,12109.452990374977,0.19901548611019865,0.06872020093384867,365
gbm,9,A=0.25,946.7475557596498,608.686747506164,0.009681187308088316,0.04382296170566143,365
gbm,10,A=0.25,504.9031719790636,331.76462840317384,0.005212859112705065,0.04382296170566143,365
gbm,11,A=0.25,1626.7891544746592,1023.1037923143939,0.016136705161466397,0.04382296170566143,365
gbm,12,A=0.25,2100.8484293907263,1311.1482384788724,0.02021214456776065,0.044545825462139296,365
gbm,13,A=0.25,489.5057885222115,327.64381102948664,0.004890435563054491,0.04382296170566143,365
gbm,14,A=0.25,1787.6846083071289,1093.4018718639554,0.01827993236463728,0.0479748863497345,365
gbm,15,A=0.25,1909.3488099222018,1167.898208434919,0.018807714018921694,0.0451334875922264,365
gbm,16,A=0.25,2446.859617235391,1472.8140354577458,0.02406797137389331,0.045801343609933154,365
gbm,17,A=0.25,3227.649780879908,1899.3551468215128,0.030567154225467144,0.04580134360993315,365
gbm,18,A=0.25,1823.6291984977595,1120.0565767562944,0.018418266349423867,0.044477966120462016,365
gbm,19,A=0.25,4179.011297284629,2427.24536854345,0.039785719325425226,0.050637712227269795,365
gbm,20,A=0.25,1586.832590762839,997.5764318902797,0.015495421100906974,0.04382296170566143,365
gbm,21,A=0.25,2429.85623025961,1511.4810798085264,0.023280964815773804,0.04921771450939622,365
gbm,22,A=0.25,21767.208869524806,12577.191803191381,0.181171497764111,0.04671711725440204,365
gbm,23,A=0.25,2174.295449274312,1344.7216416431318,0.02117821497607636,0.04578942199690893,365
gbm,24,A=0.25,1739.7022978527114,1076.53586416124,0.016955308015383874,0.045801343609933154,365
gbm,25,A=0.25,478.4255036029963,321.3395873889277,0.004868060181859191,0.04382296170566143,365
gbm,26,A=0.25,449.294992776409,300.95638645509337,0.004614125290898028,0.04382296170566143,365
gbm,27,A=0.25,2116.9262748091314,1266.384584145545,0.02107483026422823,0.04580134360993315,365
gbm,28,A=0.25,1625.5578298307287,1020.3966866297014,0.016156570270123422,0.04382296170566143,365
gbm,29,A=0.25,4991.993129719435,2910.4841237180685,0.046122827113375314,0.04645874690698957,365
gbm_uniform,0,A=0.25,31117.149408154368,18633.200517934823,0.36000548169087837,0.06265981331571824,365
gbm_uniform,1,A=0.25,32087.85319986333,18624.647068357826,0.3665415400885056,0.05753961533116293,365
gbm_uniform,2,A=0.25,32078.57640107198,18605.528794186725,0.37137556571580044,0.06617315894559542,365
gbm_uniform,3,A=0.25,32238.063533467586,18970.55506125782,0.3746084627166382,0.07142799703316234,365
gbm_uniform,4,A=0.25,32125.41137964504,18933.437635446164,0.3630019147861442,0.06281190039642542,365
gbm_uniform,5,A=0.25,31874.75934009379,18916.015906292807,0.3708855948465139,0.05612057278701624,365
gbm_uniform,6,A=0.25,31671.57542445795,18849.732954746785,0.36422845684194655,0.07001716998368059,365
gbm_uniform,7,A=0.25,31433.54567625721,18433.05229600138,0.3638581144008745,0.06903126629216873,365
gbm_uniform,8,A=0.25,31217.833584660315,18701.693010182353,0.3523890900257722,0.0725637622009527,365
gbm_uniform,9,A=0.25,32064.390002963068,18610.810921178076,0.37218114454757306,0.07288704970457222,365
gbm_uniform,10,A=0.25,31288.909565058628,18602.46196547898,0.3591969958455362,0.07113984424784552,365
gbm_uniform,11,A=0.25,32233.404848173646,19000.30994024904,0.37256508355230805,0.05779227148451918,365
gbm_uniform,12,A=0.25,32121.507762262067,18996.05930015906,0.3697002387597425,0.05804920144051251,365
gbm_uniform,13,A=0.25,31647.028545420122,18815.79450082975,0.367341120226266,0.0563048172287932,365
gbm_uniform,14,A=0.25,31852.898945749337,18893.597609320885,0.3601834692741357,0.05785295349663464,365
gbm_uniform,15,A=0.25,31949.86846356512,19044.257928178893,0.3683979564515399,0.060125689005101866,365
gbm_uniform,16,A=0.25,31693.56572344215,18775.5646042828,0.36507872983671197,0.0723781974265826,365
gbm_uniform,17,A=0.25,31619.1692779055,18785.79114601292,0.36740628860767544,0.07534761659847447,365
gbm_uniform,18,A=0.25,31596.83379376278,18714.54566955044,0.36446675717784494,0.060917628978865365,365
gbm_uniform,19,A=0.25,31283.08833393947,18638.39472070965,0.3565284037985855,0.0632184498606714,365
gbm_uniform,20,A=0.25,31490.332935421964,18609.37173458072,0.35748023652332894,0.065466413978245,365
gbm_uniform,21,A=0.25,31501.06822808018,18888.762823491175,0.3677229492149505,0.07487918986990738,365
gbm_uniform,22,A=0.25,31528.187421277857,18964.66393345045,0.3607259814377052,0.06831730993811044,365
gbm_uniform,23,A=0.25,31793.255670573177,18847.502946715034,0.36115722786951787,0.06891937792152782,365
gbm_uniform,24,A=0.25,31687.724363276968,18920.224668281582,0.36503928843101846,0.07247448586494847,365
gbm_uniform,25,A=0.25,32075.81740254296,19067.31036047018,0.3708673575912085,0.06987529461940115,365
gbm_uniform,26,A=0.25,32122.89935904133,19033.840672537826,0.3648946924011471,0.07967906909741226,365
gbm_uniform,27,A=0.25,32095.929867655403,18917.0345182535,0.37497136333510256,0.07505010882028172,365
gbm_uniform,28,A=0.25,31421.772850691334,18702.27514221496,0.36943778843567404,0.06462810782288968,365
gbm_uniform,29,A=0.25,32377.97268234464,18781.538114619205,0.3732719509666201,0.05698337095432917,365
oracle,0,A=0.25,31406.588279671494,18790.228284178895,0.36256564912095235,0.08859410981729143,365
oracle,1,A=0.25,31674.4357607192,18923.136504769234,0.35695938810772526,0.09327580792883419,365
oracle,2,A=0.25,31697.65563275036,18902.676660832207,0.36357062318809047,0.08874954759334978,365
oracle,3,A=0.25,32000.83080227888,19157.7119977571,0.36854601894184263,0.0938785058902071,365
oracle,4,A=0.25,32004.53964845758,19108.192533391823,0.36178687383922487,0.09565574486687003,365
oracle,5,A=0.25,31829.20313534014,19044.48305852399,0.3678244728985122,0.09482450511323832,365
oracle,6,A=0.25,31813.27694795073,19023.368987565227,0.36595722191361785,0.09127779659628735,365
oracle,7,A=0.25,31239.602688506493,18619.271873425707,0.3596655390574806,0.08750744023807412,365
oracle,8,A=0.25,31565.63013327866,18856.69496395375,0.3584975194181092,0.09229436516712597,365
oracle,9,A=0.25,31826.70481215207,19018.371842189972,0.3661000436383361,0.09221327200482932,365
oracle,10,A=0.25,31389.4908048225,18727.539301969155,0.358404361193831,0.09065654515378475,365
oracle,11,A=0.25,32067.00373894849,19160.65735906469,0.368112179892101,0.08820668104621501,365
oracle,12,A=0.25,32004.409927383895,19143.641898295573,0.36600512404249785,0.09135895121899242,365
oracle,13,A=0.25,31857.141675379273,19048.620981107502,0.3663827121307784,0.09138467619246618,365
oracle,14,A=0.25,31874.647968793903,19052.367538378803,0.3592326482861481,0.0907152882977144,365
oracle,15,A=0.25,32025.70806964493,19176.11543795234,0.36729092116107964,0.09528947804039586,365
oracle,16,A=0.25,31745.992739056706,18944.676729500698,0.36472998807053403,0.08636298947334696,365
oracle,17,A=0.25,31753.109975571722,18983.73849749507,0.3693839228789216,0.08837805610942329,365
oracle,18,A=0.25,31737.274767760122,18963.10161919585,0.36493302450481047,0.0938248629616644,365
oracle,19,A=0.25,31547.01082661724,18841.000324362987,0.3590004359921435,0.09290238794595253,365
oracle,20,A=0.25,31498.668831436873,18775.42448327095,0.3573166109664094,0.09538993168374946,365
oracle,21,A=0.25,31913.152940066506,19058.32019156298,0.37212806949824734,0.09369253007199424,365
oracle,22,A=0.25,31895.549456399858,19119.723411696505,0.363844943971251,0.0889273717997622,365
oracle,23,A=0.25,31798.035388737542,18984.048466220156,0.35893534397452853,0.09117202403173574,365
oracle,24,A=0.25,31937.823715031336,19101.660806030362,0.3677521095302802,0.09114183407733278,365
oracle,25,A=0.25,32073.70196227888,19188.95270868158,0.369032975765437,0.09201841696879955,365
oracle,26,A=0.25,32111.187999193975,19204.656893409614,0.36336609023447675,0.0948416434720432,365
oracle,27,A=0.25,31936.522741303026,19070.56452121232,0.3713971182133961,0.09187167886270561,365
oracle,28,A=0.25,31526.18408935209,18836.28201311103,0.36985167975804384,0.08729480880469354,365
oracle,29,A=0.25,31944.101155295222,19087.502471965567,0.3619003583208667,0.09144461520169733,365
fixed,0,A=0.40,30146.348085532103,18087.808851319252,0.3339468444495967,0.0,365
fixed,1,A=0.40,30275.86982859857,18165.521897159146,0.31130425285465446,0.0,365
fixed,2,A=0.40,30207.245793212478,18124.347475927512,0.3332155986700025,0.0,365
fixed,3,A=0.40,30722.47868475871,18433.487210855226,0.3373954460901144,0.0,365
fixed,4,A=0.40,30530.299632783448,18318.17977967006,0.31473188189635926,0.0,365
fixed,5,A=0.40,30445.155950914916,18267.093570548965,0.34136959061396555,0.0,365
fixed,6,A=0.40,30442.56774855263,18265.540649131566,0.32670189648614256,0.0,365
fixed,7,A=0.40,29687.632517025253,17812.579510215142,0.3178129964746446,0.0,365
fixed,8,A=0.40,30008.84429953235,18005.306579719403,0.30733556942608015,0.0,365
fixed,9,A=0.40,30369.113075030644,18221.467845018367,0.32885844345826415,0.0,365
fixed,10,A=0.40,29934.367751541493,17960.620650924888,0.32634334453425723,0.0,365
fixed,11,A=0.40,30724.87607910298,18434.925647461783,0.3419441403095602,0.0,365
fixed,12,A=0.40,30576.95018574276,18346.170111445677,0.3237068948293752,0.0,365
fixed,13,A=0.40,30510.74846619173,18306.44907971505,0.34494830694738415,0.0,365
fixed,14,A=0.40,30418.585058740697,18251.15103524442,0.30833554998064683,0.0,365
fixed,15,A=0.40,30716.569582125772,18429.941749275473,0.33458163594331647,0.0,365
fixed,16,A=0.40,30370.9660066068,18222.579603964066,0.34437485168945337,0.0,365
fixed,17,A=0.40,30323.44746123163,18194.06847673901,0.36094587794994515,0.0,365
fixed,18,A=0.40,30310.721619309872,18186.432971585906,0.32655769470984736,0.0,365
fixed,19,A=0.40,30113.86980452354,18068.321882714125,0.31564583705584176,0.0,365
fixed,20,A=0.40,29940.452214494857,17964.271328696934,0.32215660917066563,0.0,365
fixed,21,A=0.40,30429.635887770502,18257.781532662306,0.3563097920958594,0.0,365
fixed,22,A=0.40,30683.789230395014,18410.273538237027,0.33928593231620546,0.0,365
fixed,23,A=0.40,30348.815836285492,18209.289501771316,0.31359424118845336,0.0,365
fixed,24,A=0.40,30568.548768756093,18341.129261253667,0.33894821627293137,0.0,365
fixed,25,A=0.40,30689.23764218379,18413.542585310286,0.3443457717109599,0.0,365
fixed,26,A=0.40,30768.7626245521,18461.25757473127,0.32104827750287696,0.0,365
fixed,27,A=0.40,30406.389448152917,18243.83366889173,0.35355201694563126,0.0,365
fixed,28,A=0.40,30113.52121886358,18068.11273131813,0.3482613943974432,0.0,365
fixed,29,A=0.40,30560.915081713698,18336.549049028217,0.3193664040690468,0.0,365
gbm,0,A=0.40,927.0545349814281,598.5578166427015,0.00908853918350995,0.045801343609933154,365
gbm,1,A=0.40,2632.0833513450916,1622.5809622967126,0.02381434602626676,0.044477966120462016,365
gbm,2,A=0.40,2502.362907982266,1567.293120478347,0.023044616790854355,0.04572984887105916,365
gbm,3,A=0.40,2592.679571383429,1611.4198797138279,0.023492969402532256,0.0451334875922264,365
gbm,4,A=0.40,486.81233587155464,327.5154202033843,0.004795691906114144,0.04382296170566143,365
gbm,5,A=0.40,2971.136152943044,1790.5948048234036,0.026792710281841225,0.04645259659656809,365
gbm,6,A=0.40,1045.0937236745358,671.7464080134471,0.010325410171155435,0.044477966120462016,365
gbm,7,A=0.40,3128.2234581769776,1871.0303774942952,0.028206776619909082,0.0470715000495904,365
gbm,8,A=0.40,549.178454882038,363.8351462276538,0.005481943671515926,0.04382296170566143,365
gbm,9,A=0.40,1003.9379215224224,648.2727700064338,0.00986993817689402,0.04382296170566143,365
gbm,10,A=0.40,528.6649972342718,348.40921996596126,0.005337812613073494,0.04382296170566143,365
gbm,11,A=0.40,1761.5081888897362,1114.4085447779569,0.01649062591886222,0.04382296170566143,365
gbm,12,A=0.40,1969.0596559220053,1233.713102058675,0.018142919595805978,0.047306357016372785,365
gbm,13,A=0.40,515.1230802295557,345.88617036033816,0.005043906205135269,0.04382296170566143,365
gbm,14,A=0.40,545.9231690731416,361.57782514555055,0.005612968006031418,0.04382296170566143,365
gbm,15,A=0.40,1958.6823596883985,1217.823802758348,0.01815019045230042,0.0451334875922264,365
gbm,16,A=0.40,2745.19102853977,1708.0124389393338,0.024411571231476623,0.046522424184591175,365
gbm,17,A=0.40,4431.8394774157605,2618.949100893406,0.03751281736197636,0.04640035862583466,365
gbm,18,A=0.40,1874.2990097539132,1160.6088838912679,0.01796238339430599,0.044477966120462016,365
gbm,19,A=0.40,3071.508842550611,1910.718864814743,0.026893312948789903,0.04507304752506267,365
gbm,20,A=0.40,969.7052728208782,623.9065609005343,0.009439186049768363,0.04382296170566143,365
gbm,21,A=0.40,1830.1892585715148,1155.5598338769407,0.01706407851370197,0.04686500926689509,365
gbm,22,A=0.40,5247.934075455926,3183.853339901239,0.04312432794871588,0.04671711725440203,365
gbm,23,A=0.40,2501.7793510047118,1553.8455473758409,0.022562456243366037,0.04644567156298378,365
gbm,24,A=0.40,1790.090102271071,1113.0623941423908,0.016619368133439057,0.04580134360993315,365
gbm,25,A=0.40,502.37386698148487,338.3314232991646,0.005001794436727463,0.04382296170566143,365
gbm,26,A=0.40,1022.0150802450745,660.6231014863627,0.009838366549418946,0.04382296170566143,365
gbm,27,A=0.40,2692.29789706345,1620.1754821156346,0.024606773690831467,0.04761892172293536,365
gbm,28,A=0.40,1999.2201140034863,1247.1075956134973,0.01870856175299306,0.04580134360993315,365
gbm,29,A=0.40,1006.4119151350847,649.2128245884606,0.009785493955926913,0.044477966120462016,365
gbm_uniform,0,A=0.40,32726.104977144467,19501.192743010302,0.42471446065140295,0.06512651089172253,365
gbm_uniform,1,A=0.40,33175.71716414468,19626.214653484407,0.41754612948005804,0.05368963158217364,365
gbm_uniform,2,A=0.40,32326.653666872702,19632.445459124567,0.4174107975565814,0.05735541714516175,365
gbm_uniform,3,A=0.40,32595.407452020427,19912.994002731415,0.42194837153328607,0.06867025525582875,365
gbm_uniform,4,A=0.40,32683.79272351687,20046.134234711953,0.4040638658982696,0.05671527764535653,365
gbm_uniform,5,A=0.40,32904.46518286939,19873.711849138654,0.4232053532091869,0.06376401089425165,365
gbm_uniform,6,A=0.40,32807.08229550936,19884.275462032387,0.4234082381951071,0.07375070100547265,365
gbm_uniform,7,A=0.40,32081.398732411246,19478.004338501956,0.4092637605208712,0.06620717863531562,365
gbm_uniform,8,A=0.40,32144.2117768349,19720.699298909087,0.3981391881536272,0.0764230726126575,365
gbm_uniform,9,A=0.40,32429.6661269536,19873.878900317814,0.4168879983439638,0.08362432718294215,365
gbm_uniform,10,A=0.40,32249.253475937414,19550.397047792274,0.41461547620133543,0.07514234364401326,365
gbm_uniform,11,A=0.40,32978.84830233364,20032.424329724417,0.42328172975995165,0.07036045727311668,365
gbm_uniform,12,A=0.40,33002.57564454247,20052.33908400294,0.41689927439516405,0.08719542697551493,365
gbm_uniform,13,A=0.40,32923.17043672226,19952.39198188477,0.4276219014014182,0.08032612530554624,365
gbm_uniform,14,A=0.40,33009.140519928034,19938.608782114396,0.4119712772343245,0.06345266584740306,365
gbm_uniform,15,A=0.40,33550.59232235199,19900.302220128702,0.43321396862606204,0.059100959717587,365
gbm_uniform,16,A=0.40,32224.873704479818,19781.929270484212,0.41535578646213883,0.07754876706640317,365
gbm_uniform,17,A=0.40,32737.52218573774,19810.391907151923,0.4335202183818139,0.07907652715687111,365
gbm_uniform,18,A=0.40,32500.35751163669,19825.92002546283,0.4171263205235595,0.07089045215730948,365
gbm_uniform,19,A=0.40,32282.15551065946,19705.08440667358,0.4030604479906187,0.06045168236862722,365
gbm_uniform,20,A=0.40,32298.058339397376,19645.839014942932,0.4088229075029813,0.07085313845801373,365
gbm_uniform,21,A=0.40,32674.779867314224,19932.41606181112,0.4335842739870067,0.07240081610530465,365
gbm_uniform,22,A=0.40,33070.94976863236,20052.474957793638,0.42309922493270047,0.06852085230261315,365
gbm_uniform,23,A=0.40,32698.781774615778,19909.334064948554,0.40696643695122175,0.07747359896442062,365
gbm_uniform,24,A=0.40,33195.68389161771,19927.94719671418,0.4297479442764769,0.07627595701511447,365
gbm_uniform,25,A=0.40,32966.99017729128,20093.03068165099,0.42959139306199495,0.07171476973226132,365
gbm_uniform,26,A=0.40,32954.60472025765,20130.30631419088,0.4143566037152115,0.07802857373831083,365
gbm_uniform,27,A=0.40,32662.802812220605,19911.637918007065,0.43036394735307426,0.0693323715372947,365
gbm_uniform,28,A=0.40,32552.21204245042,19669.38375905039,0.43328267510533613,0.0717523749071181,365
gbm_uniform,29,A=0.40,33417.40718758861,19869.20450176752,0.42257690343656945,0.07079599221155976,365
oracle,0,A=0.40,32569.469794328386,19879.147288003238,0.421296520721834,0.09211831632211769,365
oracle,1,A=0.40,32775.71561857373,19994.623050956125,0.40575477602826937,0.0968184081169865,365
oracle,2,A=0.40,32744.978988549356,19944.873118064363,0.42136561872476436,0.09468025729771373,365
oracle,3,A=0.40,33155.287601171556,20242.780814667647,0.4267366233564203,0.09131064378498883,365
oracle,4,A=0.40,33087.690209217995,20192.532638614815,0.41106276517309603,0.0927450710396926,365
oracle,5,A=0.40,32925.387957503655,20085.76813225736,0.42588643149137334,0.09506428890085734,365
oracle,6,A=0.40,32870.82371603362,20092.661808741224,0.4211789550112365,0.09478596538960289,365
oracle,7,A=0.40,32223.208455797885,19634.108501735587,0.4128011851051519,0.09337844327010437,365
oracle,8,A=0.40,32563.922993527598,19882.113250604918,0.40641527944953515,0.095498639623514,365
oracle,9,A=0.40,32948.291747773226,20061.50141923147,0.42245468840270967,0.0939396248592838,365
oracle,10,A=0.40,32480.023107699446,19763.562139995214,0.414139181990801,0.09361472307738297,365
oracle,11,A=0.40,33153.20257609559,20255.44588759237,0.42712235084228106,0.09656436438048696,365
oracle,12,A=0.40,33069.29084837823,20202.36865505357,0.4182284565008775,0.09699487134164672,365
oracle,13,A=0.40,32988.21134826316,20107.96754748417,0.4274965211507799,0.09444585298369321,365
oracle,14,A=0.40,32980.40812030235,20150.185341320226,0.40664397681684167,0.09138107948839491,365
oracle,15,A=0.40,33201.698984356364,20248.876398494765,0.4250479339458752,0.09307485198426156,365
oracle,16,A=0.40,32823.17504229451,20012.2735800201,0.42393245583202294,0.09462691639494776,365
oracle,17,A=0.40,32780.982090560865,19997.798393051864,0.4314599213397932,0.09415449844192199,365
oracle,18,A=0.40,32801.974813047855,20012.32054826275,0.4194330815934656,0.09533811679930349,365
oracle,19,A=0.40,32615.20335081544,19906.8618549504,0.409354430546781,0.09119919459411349,365
oracle,20,A=0.40,32548.437179783505,19800.603192873277,0.4110394873284149,0.09248905730923788,365
oracle,21,A=0.40,32922.876208599555,20075.346240737825,0.43500717417212476,0.09535505723967014,365
oracle,22,A=0.40,33105.952923305456,20234.70399565973,0.4229966312269867,0.09655377180377948,365
oracle,23,A=0.40,32900.73870800486,20071.678276957613,0.4097653323791941,0.09247833428448057,365
oracle,24,A=0.40,33013.84707407505,20149.7856515205,0.42682397383393206,0.0959016839674043,365
oracle,25,A=0.40,33169.12029742751,20236.130791434924,0.42970289765007724,0.09285316959755262,365
oracle,26,A=0.40,33305.3917475562,20293.738732426493,0.417364622033741,0.09349293421324976,365
oracle,27,A=0.40,32897.99459711039,20082.448187502,0.4321360594629381,0.09637550553411287,365
oracle,28,A=0.40,32522.216876572496,19847.164508130674,0.43211540237370616,0.09645255368288605,365
oracle,29,A=0.40,33134.897949460435,20188.32207815591,0.415176791933346,0.09210681756780169,365
fixed,0,A=0.60,31951.303039392464,19170.7818236355,0.25722581695064795,0.0,365
fixed,1,A=0.60,32198.55781414764,19319.134688488608,0.2583727028907157,0.0,365
fixed,2,A=0.60,32042.830739734654,19225.698443840807,0.25564561229339905,0.0,365
fixed,3,A=0.60,32512.62828032407,19507.576968194462,0.2593189655862704,0.0,365
fixed,4,A=0.60,32412.28110347262,19447.368662083583,0.24746908643976526,0.0,365
fixed,5,A=0.60,32043.919913446778,19226.351948068073,0.24813732593752258,0.0,365
fixed,6,A=0.60,32159.957324906543,19295.97439494393,0.25109771515387214,0.0,365
fixed,7,A=0.60,31553.33611358192,18932.001668149158,0.2574950959602968,0.0,365
fixed,8,A=0.60,31803.614127502588,19082.16847650156,0.24216656297431932,0.0,365
fixed,9,A=0.60,32155.59496530897,19293.356979185384,0.2593174582931596,0.0,365
fixed,10,A=0.60,31753.04069362237,19051.82441617343,0.24460123126876243,0.0,365
fixed,11,A=0.60,32468.566590928604,19481.139954557162,0.26145458683846273,0.0,365
fixed,12,A=0.60,32369.817771571572,19421.89066294294,0.2605295104747893,0.0,365
fixed,13,A=0.60,32247.29889077643,19348.37933446587,0.25245662466697943,0.0,365
fixed,14,A=0.60,32376.338986875275,19425.803392125144,0.25507383735873684,0.0,365
fixed,15,A=0.60,32428.907449032034,19457.34446941922,0.2578503740485687,0.0,365
fixed,16,A=0.60,32195.302176284877,19317.181305770933,0.25305029953466274,0.0,365
fixed,17,A=0.60,31997.629964119307,19198.57797847156,0.25486105822416577,0.0,365
fixed,18,A=0.60,32001.05980294243,19200.635881765473,0.2507543299832828,0.0,365
fixed,19,A=0.60,31941.29522786973,19164.777136721816,0.25559178617504125,0.0,365
fixed,20,A=0.60,31615.042646403937,18969.025587842367,0.237473532163653,0.0,365
fixed,21,A=0.60,32152.68943759214,19291.6136625553,0.2682028507032848,0.0,365
fixed,22,A=0.60,32543.87385470727,19526.324312824378,0.24485180066013393,0.0,365
fixed,23,A=0.60,32170.443700275682,19302.266220165402,0.2460078356975557,0.0,365
fixed,24,A=0.60,32250.939514559344,19350.563708735604,0.2626524950516158,0.0,365
fixed,25,A=0.60,32445.194540581906,19467.116724349155,0.2744431650894912,0.0,365
fixed,26,A=0.60,32682.469273774088,19609.481564264457,0.251359121354489,0.0,365
fixed,27,A=0.60,32003.122451113763,19201.873470668237,0.2628248268934766,0.0,365
fixed,28,A=0.60,31784.104050826998,19070.462430496198,0.2654873979633549,0.0,365
fixed,29,A=0.60,32429.017474322383,19457.41048459344,0.24454014946521746,0.0,365
gbm,0,A=0.60,1009.0902657554808,656.4509636552284,0.009385089999551732,0.045801343609933154,365
gbm,1,A=0.60,609.9805283460715,406.9544969104624,0.006003274304147734,0.04382296170566143,365
gbm,2,A=0.60,1983.0122647616188,1262.4284782322693,0.017553268690626154,0.04507304752506267,365
gbm,3,A=0.60,2091.7194954847623,1316.7365364511043,0.018252814747772225,0.0451334875922264,365
gbm,4,A=0.60,521.2198314259722,352.03383694372195,0.004981667347207355,0.04382296170566143,365
gbm,5,A=0.60,2791.1369545971716,1730.0067622615875,0.023222804794773327,0.04719380549345107,365
gbm,6,A=0.60,930.354019375877,612.4447150116055,0.008791157899026179,0.044477966120462016,365
gbm,7,A=0.60,2409.987955606323,1492.776784585308,0.02054766697298832,0.046523717177995604,365
gbm,8,A=0.60,1897.6984380781116,1201.5531302145728,0.01634786365586119,0.04507304752506267,365
gbm,9,A=0.60,1091.1271229820961,709.3041637882704,0.010174110998686415,0.04382296170566143,365
gbm,10,A=0.60,578.7026346574529,384.6082661610528,0.005612170015554834,0.04382296170566143,365
gbm,11,A=0.60,1963.894538362367,1253.4738020187012,0.017012625124359474,0.04382296170566143,365
gbm,12,A=0.60,2221.7270351306292,1408.965535230762,0.018820548735334054,0.047306357016372785,365
gbm,13,A=0.60,549.3331217466815,370.2491347377756,0.005226106496016841,0.04382296170566143,365
gbm,14,A=0.60,600.7031208945948,401.4969336003957,0.0059100269233597225,0.04382296170566143,365
gbm,15,A=0.60,2062.6056739287096,1300.7560454390175,0.017734711454740665,0.04578942199690892,365
gbm,16,A=0.60,3166.833568611135,1986.8295570696184,0.025575442883078538,0.047241514472199785,365
gbm,17,A=0.60,2287.60918209617,1408.8471756986426,0.01952297848460723,0.04580134360993315,365
gbm,18,A=0.60,2073.5504968539426,1296.2777669760872,0.018403339646801128,0.044477966120462016,365
gbm,19,A=0.60,2499.852606165145,1563.9576051220902,0.021036129780456634,0.04507304752506267,365
gbm,20,A=0.60,1052.4328990550116,681.5484788609492,0.009737892143877502,0.04382296170566143,365
gbm,21,A=0.60,1130.6646257463276,736.7989035130984,0.010412612520032984,0.044545825462139296,365
gbm,22,A=0.60,3263.3608550272506,2054.133506697464,0.026289632197848318,0.04671711725440204,365
gbm,23,A=0.60,3160.5573852783346,1983.7236257891877,0.025328456780684273,0.0471021444341691,365
gbm,24,A=0.60,1984.1448502547048,1245.1158999691654,0.01711600981335394,0.04580134360993315,365
gbm,25,A=0.60,536.1035861229698,362.3220233029834,0.005177961662914679,0.04382296170566143,365
gbm,26,A=0.60,1113.3930837047847,724.6202308191107,0.01015970190026014,0.04382296170566143,365
gbm,27,A=0.60,1504.3861776635854,960.739216063362,0.013570779896409894,0.04580134360993315,365
gbm,28,A=0.60,2127.255154881728,1347.7255333292899,0.018367591041404153,0.045801343609933154,365
gbm,29,A=0.60,1094.6744302441343,710.8853630046033,0.010091537981019938,0.044477966120462016,365
gbm_uniform,0,A=0.60,34944.016689665135,21754.897182654287,0.521473374357466,0.05960931501024683,365
gbm_uniform,1,A=0.60,34904.7779152687,21884.824135143706,0.51304920251292,0.06493389596820033,365
gbm_uniform,2,A=0.60,35130.04744607233,21766.290900101903,0.523259997571166,0.06068122511776333,365
gbm_uniform,3,A=0.60,35430.6177212412,22250.115014264473,0.5280424476717044,0.06057613944260409,365
gbm_uniform,4,A=0.60,35466.41247002482,22166.151867106553,0.5156932969939695,0.07685116995656681,365
gbm_uniform,5,A=0.60,35060.964492738734,22011.698781062005,0.5200190082381166,0.06428833077190894,365
gbm_uniform,6,A=0.60,35533.10730863976,21928.333291041377,0.5310657066046425,0.08072028430406426,365
gbm_uniform,7,A=0.60,34115.2792644211,21473.193985358208,0.5166968028786131,0.07109780733434254,365
gbm_uniform,8,A=0.60,34663.251296995295,21813.546035439136,0.511946204789081,0.07324312771558128,365
gbm_uniform,9,A=0.60,35102.08050598956,21861.191165414475,0.5231436383853028,0.06882779462273302,365
gbm_uniform,10,A=0.60,34620.87372864401,21520.594954349166,0.5163750443196848,0.05796624031509214,365
gbm_uniform,11,A=0.60,35412.82595489943,22226.919514392583,0.5214886104501434,0.07902495701858939,365
gbm_uniform,12,A=0.60,34923.841925359135,22043.647964492986,0.5193176079391629,0.0743557916783779,365
gbm_uniform,13,A=0.60,35128.715606354526,22043.833648710155,0.5185125725053327,0.06888310555140877,365
gbm_uniform,14,A=0.60,35127.024508953094,22075.936475565486,0.5167986671844603,0.06298455757402091,365
gbm_uniform,15,A=0.60,35288.60068012468,22136.10732876572,0.524085337075446,0.0672456765021363,365
gbm_uniform,16,A=0.60,34979.322778475616,21950.529960479038,0.52042231931741,0.0759172325739389,365
gbm_uniform,17,A=0.60,34926.47672099161,21884.460716923066,0.5225834932149764,0.08241332144133738,365
gbm_uniform,18,A=0.60,35136.96797233332,21915.08923142543,0.5187554662467783,0.07820526022802,365
gbm_uniform,19,A=0.60,34925.72825076676,21824.76897959928,0.5134265888753483,0.0649459930619109,365
gbm_uniform,20,A=0.60,34732.564618675206,21689.939407471302,0.5033142233655704,0.07210731602077083,365
gbm_uniform,21,A=0.60,34989.917894362996,21970.131600359757,0.5214328606297519,0.0647704105133988,365
gbm_uniform,22,A=0.60,35525.08682784425,22080.414397767,0.5249999899886034,0.06137361525968411,365
gbm_uniform,23,A=0.60,35586.276927674764,21896.1647741481,0.5207387108172793,0.07750781037939126,365
gbm_uniform,24,A=0.60,35199.59447538915,22045.16496614034,0.5248791339747871,0.07875014345843341,365
gbm_uniform,25,A=0.60,35847.88273162765,21874.55623893948,0.532839206003032,0.04233610704425413,365
gbm_uniform,26,A=0.60,35565.332687665956,22313.951015382263,0.5207153965992195,0.06800404628407405,365
gbm_uniform,27,A=0.60,34861.69649797814,21865.9446810386,0.5236489368009982,0.08639803130892892,365
gbm_uniform,28,A=0.60,35248.125387550885,21576.45888211564,0.53329774639792,0.06509888329142124,365
gbm_uniform,29,A=0.60,35489.45894911678,22221.31422235501,0.5149524507445458,0.052637913226411724,365
oracle,0,A=0.60,34793.34028181599,22075.784408555024,0.5142695403976904,0.09628992117160415,365
oracle,1,A=0.60,35064.73019459151,22174.76480030656,0.5096156707906309,0.09589347483015498,365
oracle,2,A=0.60,34955.05040741608,22090.341003105077,0.5154198298875773,0.09396014704230192,365
oracle,3,A=0.60,35385.884790632634,22446.39465378136,0.5270954172221924,0.0963651213915287,365
oracle,4,A=0.60,35358.57936652566,22407.448591246368,0.5122622480209476,0.09542309342770305,365
oracle,5,A=0.60,35088.778567697795,22227.68224641253,0.52041307601836,0.09588646349347568,365
oracle,6,A=0.60,35106.195005360074,22275.651951620704,0.5203994819925666,0.0959267521294356,365
oracle,7,A=0.60,34336.88800896801,21738.377039817246,0.5176970623032153,0.09496372979004117,365
oracle,8,A=0.60,34730.24535836556,21995.228116629565,0.5107818969406086,0.0953955476891648,365
oracle,9,A=0.60,35031.35784802824,22216.87138596146,0.5165590766189236,0.0953505436805457,365
oracle,10,A=0.60,34577.72262941262,21902.311404697673,0.514819938944333,0.09693386772418054,365
oracle,11,A=0.60,35471.20867246432,22472.64230275435,0.5179931356178288,0.09699533921286498,365
oracle,12,A=0.60,35241.17715064778,22377.814234937734,0.5189298950560073,0.09826518007177774,365
oracle,13,A=0.60,35212.00023159055,22269.783719877792,0.5189636737728518,0.09549221352488907,365
oracle,14,A=0.60,35261.14031936001,22379.471126648623,0.5137762062234844,0.0982018282401767,365
oracle,15,A=0.60,35424.70019489043,22445.833785701147,0.5221982595951015,0.09720500268257856,365
oracle,16,A=0.60,35040.863080425945,22177.97952105274,0.5172383601215222,0.09749981253099273,365
oracle,17,A=0.60,34907.05509482644,22111.214845544702,0.5199451278200493,0.09482822188802928,365
oracle,18,A=0.60,34963.7200610314,22168.12040108302,0.5149515323271395,0.09625377243821209,365
oracle,19,A=0.60,34855.24982790665,22075.21175943677,0.5107667521790997,0.09638861121255334,365
oracle,20,A=0.60,34724.491178387,21923.814945950846,0.5006087830396385,0.09517028248111574,365
oracle,21,A=0.60,35060.984304521655,22190.004301487403,0.5202554830690846,0.09461720764864333,365
oracle,22,A=0.60,35463.83699382008,22477.132346820108,0.5150168041958026,0.09803248185545513,365
oracle,23,A=0.60,35183.953309771794,22270.835923254406,0.5102042730000931,0.09495116190330512,365
oracle,24,A=0.60,35216.29342751973,22303.96972545548,0.5224896229178936,0.09678058965395805,365
oracle,25,A=0.60,35362.23137206201,22395.10577991566,0.5223718774562629,0.09708912402545512,365
oracle,26,A=0.60,35475.16633982202,22513.410533971644,0.5164404284433476,0.09728945545911076,365
oracle,27,A=0.60,35031.905088083346,22180.917413057083,0.5190544686317903,0.0975658154507275,365
oracle,28,A=0.60,34657.34912570114,21936.65526261255,0.5235239115521068,0.0984423343055583,365
oracle,29,A=0.60,35369.46833546007,22414.763605263215,0.5119442763683448,0.09657939216358566,365
